<?xml version="1.0" encoding="utf-8"?>
<FACTURA>
	<ENC>
		<ENC_1>INVOIC</ENC_1>
		<ENC_2>860007386</ENC_2>
		<ENC_3>9510060533</ENC_3>
		<ENC_4>UBL 2.0</ENC_4>
		<ENC_5>1</ENC_5>
		<ENC_6>PRUE980000057</ENC_6>
		<ENC_7>2018-09-13</ENC_7>
		<ENC_8>18:01:46</ENC_8>
		<ENC_9>1</ENC_9>
		<ENC_10>COP</ENC_10>
		<ENC_11/>
		<ENC_12/>
		<ENC_13/>
		<ENC_14/>
		<ENC_15/>
		<ENC_16>2018-09-21</ENC_16>
		<ENC_17/>
		<ENC_18/>
	</ENC>
	<EMI>
		<EMI_1>1</EMI_1>
		<EMI_2>860007386</EMI_2>
		<EMI_3>31</EMI_3>
		<EMI_4>2</EMI_4>
		<EMI_5/>
		<EMI_6>UNIVERSIDAD DE LOS ANDES</EMI_6>
		<EMI_7/>
		<EMI_8/>
		<EMI_9/>
		<EMI_10>KR 1 18A 12</EMI_10>
		<EMI_11>25</EMI_11>
		<EMI_12>BOGOTÁ D.C.</EMI_12>
		<EMI_13>BOGOTÁ D.C.</EMI_13>
		<EMI_14/>
		<EMI_15>CO</EMI_15>
		<EMI_16/>
		<EMI_17/>
		<EMI_18>KR 1 18A 12</EMI_18>
		<EMI_19>25</EMI_19>
		<EMI_20>BOGOTÁ D.C.</EMI_20>
		<EMI_21>Kolumbien</EMI_21>
		<TAC>
			<TAC>
				<TAC_1/>
				<TAC_2/>
				<TAC_3/>
				<TAC_4/>
				<TAC_5/>
				<TAC_6/>
				<TAC_7/>
				<TAC_8/>
				<TAC_9/>
				<TAC_10/>
				<TAC_11/>
			</TAC>
			<TAC>
				<TAC_1/>
				<TAC_2/>
				<TAC_3/>
				<TAC_4/>
				<TAC_5/>
				<TAC_6/>
				<TAC_7/>
				<TAC_8/>
				<TAC_9/>
				<TAC_10/>
				<TAC_11/>
			</TAC>
		</TAC>
	</EMI>
	<ADQ>
		<ADQ_1>2</ADQ_1>
		<ADQ_2>9510060533</ADQ_2>
		<ADQ_3>12</ADQ_3>
		<ADQ_4>0</ADQ_4>
		<ADQ_5/>
		<ADQ_6/>
		<ADQ_7/>
		<ADQ_8>LAURA ANGÉLICA</ADQ_8>
		<ADQ_9>RODRIGUEZ SANCHEZ</ADQ_9>
		<ADQ_10>CL 83A  118 29 CA 25</ADQ_10>
		<ADQ_11>11</ADQ_11>
		<ADQ_12/>
		<ADQ_13>BOGOTA D.C.</ADQ_13>
		<ADQ_14/>
		<ADQ_15>CO</ADQ_15>
		<ADQ_16/>
		<ADQ_17/>
		<ADQ_18>CL 83A  118 29 CA 25</ADQ_18>
		<ADQ_19/>
		<ADQ_20/>
		<ADQ_21>Kolumbien</ADQ_21>
		<CDA>
			<CDA>
				<CDA_1>1</CDA_1>
				<CDA_2>LAURA ANGÉLICA RODRIGUEZ SANCHEZ</CDA_2>
				<CDA_3>4429228</CDA_3>
				<CDA_4>julian.daniel@gmail.com</CDA_4>
			</CDA>
		</CDA>
	</ADQ>
	<TOT>
		<TOT_1>3000000.00</TOT_1>
		<TOT_2>COP</TOT_2>
		<TOT_3>3000000.00</TOT_3>
		<TOT_4>COP</TOT_4>
		<TOT_5>3000000.00</TOT_5>
		<TOT_6>COP</TOT_6>
		<TOT_7>3000000.00</TOT_7>
		<TOT_8>COP</TOT_8>
		<TOT_9/>
		<TOT_10>COP</TOT_10>
		<TOT_11/>
		<TOT_12/>
		<TOT_13/>
		<TOT_14>COP</TOT_14>
	</TOT>
	<DRF>
		<DRF_1>9000000032474428</DRF_1>
		<DRF_2>2018-07-17</DRF_2>
		<DRF_3>2018-12-31</DRF_3>
		<DRF_4>PRUE</DRF_4>
		<DRF_5/>
		<DRF_6/>
	</DRF>
	<NOT>
		<NOT>
			<NOT_1>1.-GRAN CONTRIBUYENTE Res.000076 Dic 2016 RÉGIMEN TRIBUTARIO ESPECIAL Art.19 ET NO responsable IVA Art.476 ET Vigilada MEN. Num. facturación Res.DIAN 18762006745661 de 02/02/2018. Tipo Electrónica: Prefijo 91 de 36059 a 200000 Num. facturación Res. DIAN 18762006482825 de 17/01/2018. Tipo Electrónica: Prefijo 93 de 1 a 100000</NOT_1>
		</NOT>
		<NOT>
			<NOT_1>6.-Pago 08 días</NOT_1>
		</NOT>
	</NOT>
	<PAY>
		<PAY_1>(415)7707194251236(8020)980980000070009510060533(3900)0003000000(96)20180921</PAY_1>
	</PAY>
	<FE1>
		<FE1_1>1.00000</FE1_1>
		<FE1_2>COP</FE1_2>
		<FE1_3>30000.00</FE1_3>
		<FE1_4>30000.00</FE1_4>
		<FE1_5>30000.00</FE1_5>
		<FT1>
			<FT1>
				<FT1_1>10</FT1_1>
				<FT1_2>0</FT1_2>
				<FT1_3>0</FT1_3>
			</FT1>
		</FT1>
	</FE1>
	<ITE>
		<ITE>
			<ITE_1>10</ITE_1>
			<ITE_2>false</ITE_2>
			<ITE_3>1.000</ITE_3>
			<ITE_4>ST</ITE_4>
			<ITE_5>3000000.00</ITE_5>
			<ITE_6>COP</ITE_6>
			<ITE_7>3000000</ITE_7>
			<ITE_8>COP</ITE_8>
			<ITE_9>000000000001001380</ITE_9>
			<ITE_10/>
			<ITE_11>CURSOS ESPECIALES</ITE_11>
			<ITE_12/>
			<ITE_13/>
			<ITE_14/>
			<ITE_15/>
			<ITE_16/>
			<ITE_17/>
			<ITE_18/>
			<ITE_19/>
			<ITE_20/>
			<ITE_21/>
			<ITE_22/>
			<ITE_23/>
			<ITE_24/>
			<ITE_25/>
			<ITE_26/>
			<LOT/>
			<IRF/>
			<MYM/>
			<IPA/>
			<DFI/>
			<IDE/>
			<TII/>
			<ILE/>
			<PSI/>
			<DIT/>
		</ITE>
	</ITE>
</FACTURA>